{
    "ViewPreferences": {
        "defaultRowsToShowInTopTables": 150,
        "maxRowsToShowInNestedTables": 20,
        "maxCharactersInHeader": 10,
        "maxCharactersInCell": 200
    },
    "Commands": [
        {
            "Command": "GenerateR2RMLModelCommandPreferences",
            "PreferenceValues": {"modelSparqlEndPoint": "http://localhost:8080/openrdf-sesame/repositories/karma_models"}
        },
        {
            "Command": "PublishRDFCommandPreferences",
            "PreferenceValues": {
                "addInverseProperties": "false",
                "modelName": "karma",
                "saveToStore": false,
                "dbName": "jenadb",
                "rdfNamespace": "http://memexproxy.com/data/",
                "hostName": "localhost:3306",
                "rdfSparqlEndPoint": "http://localhost:8080/openrdf-sesame/repositories/karma_data",
                "rdfPrefix": "memex"
            }
        },
        {
            "Command": "ImportDatabaseTableCommandPreferences",
            "PreferenceValues": {
                "portnumber": 3306,
                "username": "root",
                "hostname": "localhost",
                "dbType": "MySQL",
                "dBorSIDName": "ist_small"
            }
        },
        {
            "Command": "ImportSQLCommandPreferences",
            "PreferenceValues": {
                "portnumber": 3306,
                "username": "root",
                "query": "select unix_timestamp(b.importtime)*1000 as timestamp, b.url, a.* from ads_attributes a join ads b on a.ads_id=b.id  limit 10",
                "hostname": "localhost",
                "dbType": "MySQL",
                "dBorSIDName": "ist_small"
            }
        }
    ]
}