{
    "ViewPreferences": {
        "maxRowsToShowInNestedTables": 20,
        "defaultRowsToShowInTopTables": 150,
        "maxCharactersInHeader": 10,
        "maxCharactersInCell": 200
    },
    "Commands": [
        {
            "Command": "ImportSQLCommandPreferences",
            "PreferenceValues": {
                "portnumber": 3306,
                "username": "root",
                "query": "select * from ads_attributes limit 1000000",
                "hostname": "localhost",
                "dbType": "MySQL",
                "dBorSIDName": "ist_small"
            }
        },
        {
            "Command": "PublishRDFCommandPreferences",
            "PreferenceValues": {
                "addInverseProperties": "false",
                "modelName": "karma",
                "saveToStore": false,
                "dbName": "jenadb",
                "rdfNamespace": "http://memexproxy.com/data/",
                "hostName": "localhost:3306",
                "rdfSparqlEndPoint": "http://localhost:8080/openrdf-sesame/repositories/karma_data",
                "rdfPrefix": "memex"
            }
        }
    ]
}